historicals,companies,#results,clientid,upload
ipswich bury road.csv,ZZZZZZZZZZZZ,0,ZZZZZZZZZZZZ,0
wisbeech.csv,ZZZZZZZZZZZZ,0,ZZZZZZZZZZZZ,0
newport west.csv,KFC - Newport West,1,newport west,1
newport pullman.csv,KFC - Newport Pullman,1,newport pullman,1
newport friars walk.csv,KFC - Newport Friars Walk,1,newport friars walk,0
nantgarw.csv,KFC - Nantgarw,1,nantgarw,0
merthyr tydfil.csv,KFC - Merthyr Tydfil,1,merthyr tydfil,0
melton mowbray.csv,KFC - Melton Mowbray,1,melton mowbray,0
luton wigmore.csv,KFC - Luton Wigmore,1,luton wigmore,0
luton mall.csv,KFC - Luton Mall,1,luton mall,0
luton hatters way.csv,KFC - Luton Hatters Way,1,luton hatters way,0
luton express.csv,KFC - Luton Express,1,luton express,0
lowestoft.csv,KFC - Lowestoft,1,lowestoft,0
loughton.csv,KFC - Loughton,1,loughton,0
loughborough.csv,KFC - Loughborough,1,loughborough,0
long eaton.csv,KFC - Long Eaton,1,long eaton,0
llanelli.csv,KFC - Llanelli,1,llanelli,0
leighton buzzard.csv,KFC - Leighton Buzzard,1,leighton buzzard,0
leicester services.csv,KFC - Leicester Services,1,leicester services,0
leicester last straw.csv,KFC - Leicester Last Straw,1,leicester last straw,0
leicester high street.csv,KFC - Leicester High Street,1,leicester high street,0
leicester hamilton.csv,KFC - Leicester Hamilton,1,leicester hamilton,0
leicester fosse park.csv,KFC - Fosse Park,0,fosse,0
leicester braunstone.csv,KFC - Leicester Braunstone,1,leicester braunstone,0
kings lynn.csv,KFC - Kings Lynn,1,kings lynn,0
ipswich martlesham.csv,KFC - Ipswich - Martlesham,0,martlesham,0
ipswich felixstowe.csv,KFC - Ipswich - Felixstowe,0,felixstowe,0
norwich chapelfield.csv,KFC - Norwich - Chapelfield,0,chapelfield,0
norwich longwater.csv,KFC - Norwich - Longwater,0,longwater,0
norwich mile cross.csv,KFC - Norwich - Mile Cross,0,mile,0
norwich sprowston.csv,KFC - Norwich - Sprowston,0,sprowston,0
wincanton.csv,KFC - Wincanton,1,wincanton,0
wimbledon.csv,KFC - Wimbledon,1,wimbledon,0
wembley.csv,KFC - Wembley,1,wembley,0
uttoxeter.csv,KFC - Uttoxeter,1,uttoxeter,0
tooting.csv,KFC - Tooting,1,tooting,0
thorpe park.csv,KFC - Thorpe Park,1,thorpe park,0
talbot green.csv,KFC - Port Talbot,0,talbot,0
swindon outlet centre.csv,KFC - Swindon Outlet Centre,1,swindon outlet centre,0
swindon greenbridge.csv,KFC - Swindon Greenbridge,1,swindon greenbridge,0
swindon delta.csv,KFC - Swindon Delta,1,swindon delta,0
swindon clive parade.csv,KFC - Swindon Clive Parade,1,swindon clive parade,0
swansea morganite.csv,KFC - Swansea Morganite,1,swansea morganite,0
swansea morfa.csv,KFC - Swansea Morfa,1,swansea morfa,0
swansea fforestfach.csv,KFC - Swansea Fforestfach,1,swansea fforestfach,0
stevenage roaring meg.csv,KFC - Stevenage Roaring Meg,1,stevenage roaring meg,0
stevenage leisure.csv,KFC - Stevenage Leisure,1,stevenage leisure,0
ruislip.csv,KFC - Ruislip,1,ruislip,0
risca.csv,KFC - Newport Risca,1,risca,0
redhill.csv,KFC - Redhill,1,redhill,0
porth cymer road.csv,KFC - Porth - Cymer Road,0,porth,0
port talbot.csv,KFC - Port Talbot,1,port talbot,0
pontypool.csv,KFC - Pontypool,1,pontypool,0
peterborough paston parkway.csv,KFC - Peterborough Paston Parkway,1,peterborough paston parkway,0
peterborough london road.csv,KFC - Peterborough London Road,1,peterborough london road,0
peterborough ashbourne road.csv,KFC - Peterborough Ashbourne,0,ashbourne,0
ipswich cardinal park.csv,KFC - Ipswich - Cardinal Park,0,cardinal,0
wood green express.csv,KFC - Wood Green Express,1,wood green express,0
aberdare.csv,KFC - Aberdare,1,aberdare,0
hendon.csv,KFC - Hendon,1,hendon,0
cardiff newport road.csv,KFC - Cardiff Newport Road,1,cardiff newport road,0
cardiff leckwith road.csv,KFC - Cardiff Leckwith,0,leckwith,0
cardiff excelsior road.csv,KFC - Cardiff Excelsior Road,1,cardiff excelsior road,0
camberwell.csv,KFC - Camberwell,1,camberwell,0
caerphilly.csv,KFC - Caerphilly,1,caerphilly,0
bury st edmunds.csv,KFC - Bury St Edmunds,1,bury st edmunds,0
burton.csv,KFC - Burton,1,burton,0
bristol union street.csv,KFC - Bristol Union Street,1,bristol union street,0
bristol fishponds.csv,KFC - Bristol Fishponds,1,bristol fishponds,0
bristol filton.csv,KFC - Bristol Filton,1,bristol filton,0
bristol bradley stoke.csv,KFC - Bristol Bradley Stoke,1,bristol bradley stoke,0
bridgend mcarthurglen.csv,KFC - Bridgend McArthurGlen,1,bridgend mcarthurglen,0
bridgend hernston.csv,KFC - Bridgend Hernston,1,bridgend hernston,0
blackwood.csv,KFC - Blackwood,1,blackwood,0
beeston.csv,KFC - Beeston,1,beeston,0
beaconsfield services.csv,KFC - Beaconsfield,0,beaconsfield,0
bath.csv,KFC - Bath,1,bath,0
barry.csv,KFC - Barry,1,barry,0
baker street.csv,KFC - Baker Street,1,baker street,0
aylesbury retail park.csv,KFC - Aylesbury Retail Park,1,aylesbury retail park,0
aylesbury express.csv,KFC - Aylesbury Express,1,aylesbury express,0
ashby de-la-zouch.csv,KFC - Ashby De-la-Zouch,1,ashby de-la-zouch,0
archway.csv,KFC - Archway,1,archway,0
apex corner.csv,KFC - Apex Corner,1,apex corner,0
alperton.csv,KFC - Alperton,1,alperton,0
cardiff queen street.csv,KFC - Cardiff Queen Street,1,cardiff queen street,0
cardiff st mary street.csv,KFC - Cardiff St Mary Street,1,cardiff st mary street,0
carmarthen.csv,KFC - Carmarthen,1,carmarthen,0
clapham.csv,KFC - Clapham,1,clapham,0
heathrow.csv,KFC - Heathrow,1,heathrow,0
harrow weald.csv,KFC - Harrow Weald,1,harrow weald,0
harrow road.csv,KFC - Harrow Road,1,harrow road,0
harlow retail park.csv,KFC - Harlow Retail Park,1,harlow retail park,0
harlow express.csv,KFC - Harlow Express,1,harlow express,0
harlesden.csv,KFC - Harlesden,1,harlesden,0
greenford.csv,KFC - Greenford,1,greenford,0
gloucester road.csv,KFC - Gloucester Road,1,gloucester road,0
glastonbury.csv,KFC - Glastonbury,1,glastonbury,0
frome.csv,KFC - Frome,1,frome,0
finsbury park.csv,KFC - Finsbury Park,1,finsbury park,0
edmonton.csv,KFC - Edmonton,1,edmonton,0
hornchurch.csv,KFC - Hornchurch,1,hornchurch,0
ebbw vale.csv,KFC - Ebbw Vale,1,ebbw vale,0
dunstable white lion.csv,KFC - Dunstable White Lion,1,dunstable white lion,0
dunstable express.csv,KFC - Dunstable Express,1,dunstable express,0
derby services.csv,KFC - Derby Services,1,derby services,0
cwmbran.csv,KFC - Cwmbran,1,cwmbran,0
croydon london road.csv,KFC - Croydon London Road,1,croydon london road,0
croydon addiscombe.csv,KFC - Croydon Addiscombe,1,croydon addiscombe,0
cross hands.csv,KFC - Cross Hands,1,cross hands,0
cricklewood.csv,KFC - Cricklewood,1,cricklewood,0
corby.csv,KFC - Corby,1,corby,0
colindale.csv,KFC - Colindale,1,colindale,0
cobham.csv,KFC - Cobham,1,cobham,0
coalville.csv,KFC - Coalville,1,coalville,0
earls court.csv,KFC - Earls Court Road,1,earls court,0
wood green restaurant.csv,KFC - Wood Green Restaurant,1,wood green restaurant,0
