clientId,historicals,companies,#results
aberdare,aberdare.csv,KFC - Aberdare,1
alperton,alperton.csv,KFC - Alperton,1
apex corner,apex corner.csv,KFC - Apex Corner,1
archway,archway.csv,KFC - Archway,1
ashby de-la-zouch,ashby de-la-zouch.csv,KFC - Ashby De-la-Zouch,1
aylesbury express,aylesbury express.csv,KFC - Aylesbury Express,1
aylesbury retail park,aylesbury retail park.csv,KFC - Aylesbury Retail Park,1
baker street,baker street.csv,KFC - Baker Street,1
barry,barry.csv,KFC - Barry,1
bath,bath.csv,KFC - Bath,1
beaconsfield,beaconsfield services.csv,KFC - Beaconsfield,1
beeston,beeston.csv,KFC - Beeston,1
blackwood,blackwood.csv,KFC - Blackwood,1
bridgend hernston,bridgend hernston.csv,KFC - Bridgend Hernston,1
bridgend mcarthurglen,bridgend mcarthurglen.csv,KFC - Bridgend McArthurGlen,1
bristol bradley stoke,bristol bradley stoke.csv,KFC - Bristol Bradley Stoke,1
bristol filton,bristol filton.csv,KFC - Bristol Filton,1
bristol fishponds,bristol fishponds.csv,KFC - Bristol Fishponds,1
bristol union street,bristol union street.csv,KFC - Bristol Union Street,1
burton,burton.csv,KFC - Burton,1
bury st edmunds,bury st edmunds.csv,KFC - Bury St Edmunds,1
caerphilly,caerphilly.csv,KFC - Caerphilly,1
camberwell,camberwell.csv,KFC - Camberwell,1
cardiff excelsior road,cardiff excelsior road.csv,KFC - Cardiff Excelsior Road,1
cardiff leckwith,cardiff leckwith road.csv,KFC - Cardiff Leckwith,1
cardiff newport road,cardiff newport road.csv,KFC - Cardiff Newport Road,1
cardiff queen street,cardiff queen street.csv,KFC - Cardiff Queen Street,1
cardiff st mary street,cardiff st mary street.csv,KFC - Cardiff St Mary Street,1
carmarthen,carmarthen.csv,KFC - Carmarthen,1
clapham,clapham.csv,KFC - Clapham,1
coalville,coalville.csv,KFC - Coalville,1
cobham,cobham.csv,KFC - Cobham,1
colindale,colindale.csv,KFC - Colindale|KFC - Colindale,2
corby,corby.csv,KFC - Corby,1
cricklewood,cricklewood.csv,KFC - Cricklewood,1
cross hands,cross hands.csv,KFC - Cross Hands,1
croydon addiscombe,croydon addiscombe.csv,KFC - Croydon Addiscombe,1
croydon london road,croydon london road.csv,KFC - Croydon London Road,1
cwmbran,cwmbran.csv,KFC - Cwmbran,1
derby services,derby services.csv,KFC - Derby Services,1
dunstable express,dunstable express.csv,KFC - Dunstable Express,1
dunstable white lion,dunstable white lion.csv,KFC - Dunstable White Lion,1
earls court,earls court.csv,KFC - Earls Court Road|KFC - Earls Court Road,2
ebbw vale,ebbw vale.csv,KFC - Ebbw Vale,1
edmonton,edmonton.csv,KFC - Edmonton,1
finsbury park,finsbury park.csv,KFC - Finsbury Park,1
frome,frome.csv,KFC - Frome,1
glastonbury,glastonbury.csv,KFC - Glastonbury,1
gloucester road,gloucester road.csv,KFC - Gloucester Road,1
greenford,greenford.csv,KFC - Greenford,1
harlesden,harlesden.csv,KFC - Harlesden,1
harlow express,harlow express.csv,KFC - Harlow Express,1
harlow retail park,harlow retail park.csv,KFC - Harlow Retail Park,1
harrow road,harrow road.csv,KFC - Harrow Road,1
harrow weald,harrow weald.csv,KFC - Harrow Weald,1
heathrow,heathrow.csv,KFC - Heathrow,1
hendon,hendon.csv,KFC - Hendon,1
hornchurch,hornchurch.csv,KFC - Hornchurch,1
Bury Road,ipswich bury road.csv,KFC - Ipswich - Bury Road,1
Cardinal park,ipswich cardinal park.csv,KFC - Ipswich - Cardinal Park,1
Felixstowe,ipswich felixstowe.csv,KFC - Ipswich - Felixstowe,1
Martlesham,ipswich martlesham.csv,KFC - Ipswich - Martlesham,1
kings lynn,kings lynn.csv,KFC - Kings Lynn,1
leicester braunstone,leicester braunstone.csv,KFC - Leicester Braunstone,1
fosse park,leicester fosse park.csv,KFC - Fosse Park,1
leicester hamilton,leicester hamilton.csv,KFC - Leicester Hamilton,1
leicester high street,leicester high street.csv,KFC - Leicester High Street,1
leicester last straw,leicester last straw.csv,KFC - Leicester Last Straw,1
leicester services,leicester services.csv,KFC - Leicester Services,1
leighton buzzard,leighton buzzard.csv,KFC - Leighton Buzzard,1
llanelli,llanelli.csv,KFC - Llanelli,1
long eaton,long eaton.csv,KFC - Long Eaton,1
loughborough,loughborough.csv,KFC - Loughborough,1
loughton,loughton.csv,KFC - Loughton,1
lowestoft,lowestoft.csv,KFC - Lowestoft,1
luton express,luton express.csv,KFC - Luton Express,1
luton hatters way,luton hatters way.csv,KFC - Luton Hatters Way,1
luton mall,luton mall.csv,KFC - Luton Mall,1
luton wigmore,luton wigmore.csv,KFC - Luton Wigmore,1
melton mowbray,melton mowbray.csv,KFC - Melton Mowbray,1
merthyr tydfil,merthyr tydfil.csv,KFC - Merthyr Tydfil,1
nantgarw,nantgarw.csv,KFC - Nantgarw,1
newport friars walk,newport friars walk.csv,KFC - Newport Friars Walk,1
newport pullman,newport pullman.csv,KFC - Newport Pullman,1
newport west,newport west.csv,KFC - Newport West,1
chapelfield,norwich chapelfield.csv,KFC - Norwich - Chapelfield,1
longwater,norwich longwater.csv,KFC - Norwich - Longwater,1
mile cross,norwich mile cross.csv,KFC - Norwich - Mile Cross,1
sprowston,norwich sprowston.csv,KFC - Norwich - Sprowston,1
peterborough ashbourne,peterborough ashbourne road.csv,KFC - Peterborough Ashbourne,1
peterborough london road,peterborough london road.csv,KFC - Peterborough London Road,1
peterborough paston parkway,peterborough paston parkway.csv,KFC - Peterborough Paston Parkway,1
pontypool,pontypool.csv,KFC - Pontypool,1
port talbot,port talbot.csv,KFC - Port Talbot,1
cymer road,porth cymer road.csv,KFC - Porth - Cymer Road,1
redhill,redhill.csv,KFC - Redhill,1
risca,risca.csv,KFC - Newport Risca,1
ruislip,ruislip.csv,KFC - Ruislip,1
stevenage leisure,stevenage leisure.csv,KFC - Stevenage Leisure,1
stevenage roaring meg,stevenage roaring meg.csv,KFC - Stevenage Roaring Meg,1
swansea fforestfach,swansea fforestfach.csv,KFC - Swansea Fforestfach,1
swansea morfa,swansea morfa.csv,KFC - Swansea Morfa,1
swansea morganite,swansea morganite.csv,KFC - Swansea Morganite,1
swindon clive parade,swindon clive parade.csv,KFC - Swindon Clive Parade,1
swindon delta,swindon delta.csv,KFC - Swindon Delta,1
swindon greenbridge,swindon greenbridge.csv,KFC - Swindon Greenbridge,1
swindon outlet centre,swindon outlet centre.csv,KFC - Swindon Outlet Centre,1
talbot,talbot green.csv,KFC - Port Talbot,1
thorpe park,thorpe park.csv,KFC - Thorpe Park,1
tooting,tooting.csv,KFC - Tooting,1
uttoxeter,uttoxeter.csv,KFC - Uttoxeter,1
wembley,wembley.csv,KFC - Wembley,1
wimbledon,wimbledon.csv,KFC - Wimbledon,1
wincanton,wincanton.csv,KFC - Wincanton,1
wisbech,wisbeech.csv,KFC - Wisbech,1
wood green express,wood green express.csv,KFC - Wood Green Express,1
wood green restaurant,wood green restaurant.csv,KFC - Wood Green Restaurant,1
